Id,Price
4567,507636
5925,983330
960,977691
3848,657572
746,1893
868,280300
672,974448
2471,509543
4510,557500
8354,248933
6393,452680
13270,444137
5250,833479
16751,643264
11404,979507
10588,248670
14925,630574
6791,786989
16097,537241
16428,227121
6945,360160
3190,761537
15709,633797
13155,880975
7675,965019
14686,546828
609,798645
11155,225498
10869,985712
15742,846515
9245,910305
3340,10154
2359,504215
8070,199120
13707,927642
16079,137887
15937,754056
14090,262699
9008,965291
16384,682127
11657,17871
13151,467524
8990,679218
11857,674417
1565,231920
8174,7965
9247,80133
10478,32784
15509,430285
8306,123435
6642,215374
7472,859461
15989,882719
13682,312267
163,103979
7076,469586
7478,738529
3029,702920
1814,271714
10057,62675
15100,508179
12694,591065
6291,999021
12603,455567
3218,285304
13456,230025
10170,321673
4530,185423
13329,159072
4820,706110
10896,828410
13416,432020
2701,338667
11265,840349
9189,929043
1858,844702
14536,869473
6199,274423
14730,625601
7510,120861
15505,830228
7446,825317
14016,450718
14113,313075
8721,847597
6193,381882
5717,760444
5427,15510
9520,170823
6869,880200
1658,661490
6639,370307
6283,1079
6257,893426
15235,710607
902,402424
8932,62388
16469,226980
2825,677999
6450,405491
11366,488994
3801,904882
11385,996804
1079,395035
3202,80349
676,87790
6185,238450
7730,284988
2573,303595
10978,404865
10962,618113
8870,152468
8496,942912
5517,531157
927,83711
13675,277460
1499,707182
15536,469470
8602,865925
12137,365714
9865,9826
16353,176545
15908,80471
3944,293010
10359,82413
15158,737899
3259,490295
7220,436750
13843,854198
16736,699800
702,132249
16401,949005
12134,971876
6918,373246
11792,929882
3798,386702
10395,530650
11099,182830
7090,596233
11260,464078
9647,905376
2903,883964
2071,281659
8604,151279
9346,310991
3945,616671
3420,397053
10842,611838
725,76661
13931,920953
16330,734182
9066,643703
3326,172037
1556,826166
6579,263010
13877,195587
9857,574823
7302,15880
5684,360461
6513,867414
11342,401389
16561,469935
6885,233844
9308,197408
2559,26299
6648,917808
15260,887465
5113,417585
16492,795910
12034,790323
7248,249763
2171,141048
10594,745757
13241,251206
7032,445584
4884,352122
903,524084
162,684508
6566,672870
8249,35399
13106,228668
256,676499
7976,800405
8575,347502
7591,584769
3204,527879
15804,585178
1525,819652
9038,769185
13628,329160
10016,191419
10208,701652
2008,908548
13029,388572
5099,789204
9923,533118
9461,923215
11086,355477
15057,686332
10689,217802
2053,686751
16630,901721
4985,228832
13881,428251
13225,441719
5779,372815
10262,317340
10762,477880
9513,407468
11128,242110
2074,524958
933,986846
2780,742383
6594,583238
15394,86531
14863,424128
6698,675668
1611,563093
174,450745
5160,994755
3295,541247
4559,222541
8254,884866
10228,433678
13924,245249
15341,871970
4353,481363
4334,775153
1872,834061
7823,227682
310,442755
3704,745074
11615,955180
6605,841414
3381,787441
2143,945549
3191,395221
13980,906960
15613,946713
10943,942997
9654,175021
16053,231478
14931,202341
8299,640374
2147,223196
11567,85065
5905,788077
11160,675113
8275,227698
16398,671092
11229,210853
10309,372982
7340,349930
7653,812499
272,637580
9831,702242
5016,68544
5968,677934
796,143635
12123,779959
16629,525509
2637,194913
6194,432033
6216,496701
14346,147106
6428,210503
2891,420458
84,2706
9260,346920
15250,254533
2348,275908
10427,707398
13230,369978
1691,592777
8803,547385
5464,265383
10559,437017
16787,359894
4278,471705
6183,110482
12775,280224
10104,24109
13663,480033
9404,960222
14724,643291
10040,748178
4646,600235
4754,684579
3310,528425
2003,774854
7312,985155
10921,547710
13419,657057
10105,494250
2196,455919
12659,119230
4380,477970
10847,716666
10805,583487
8709,776429
8319,812527
2215,740478
7000,543661
7701,275021
9678,303264
14026,515742
7971,277440
13734,105208
16483,868723
6150,613933
2931,935066
5418,485556
1662,957008
2441,742252
669,745618
7734,520228
6010,953141
266,704571
632,419959
16221,275598
11832,35961
5035,786426
37,563626
6168,46256
11757,252434
8086,110782
6529,749149
15121,313536
13904,311334
3711,41527
16563,290551
14494,752758
3006,673242
15299,87850
92,372265
8066,341968
16071,490539
10662,716571
3883,498082
5511,697333
2821,476113
9570,651890
4326,467234
9251,641526
9031,111006
12689,868817
16380,219136
1053,154040
4568,696808
16140,114388
14356,411534
8466,684462
15652,5819
3285,421646
3198,933006
14088,671105
2268,106860
15472,458185
1203,468179
7157,844408
6886,385715
5083,791775
7467,85888
14068,585178
2080,42483
10865,348822
13516,19622
14150,399431
7609,401278
2144,745738
10357,140850
2396,211755
1526,306790
10890,810800
8638,150349
6050,725078
7639,616275
10544,392455
9577,723784
13195,927656
3484,141569
16668,972067
7171,689261
8547,645657
12735,739597
9093,244527
15323,606249
14897,606250
5135,522302
5327,798260
13133,56758
1676,912847
16296,746824
1095,999846
12528,763623
7348,884940
11663,349719
1803,18991
1510,445525
16045,677951
2900,868670
3236,929892
1318,155754
14948,374869
7840,945079
15325,358028
8700,88885
15706,124842
14449,18349
16117,590386
4529,308519
11199,915697
4052,345247
821,14486
68,91917
554,294974
452,607153
11394,394810
11393,343445
9535,651268
4024,189855
10069,131508
12007,866739
12368,56949
1259,89519
1124,995554
3707,17925
8767,424960
1919,530241
16741,764555
6664,642412
5688,573664
7799,832121
14843,882863
7532,503513
8133,228766
6264,420325
4125,247004
2410,949045
13607,713707
1716,776804
1370,971244
2273,957299
15298,337848
4284,587410
12303,122951
7808,181079
2203,138711
7237,637980
15864,770083
2844,388284
5729,683778
11812,419199
1779,979973
6442,254494
6160,372663
8266,571283
9903,237473
2867,873064
6998,149720
13932,188362
12587,632628
3611,399869
2646,711407
1890,64395
860,677387
14187,58167
12569,373187
1276,936715
12025,914958
4890,732992
14410,763374
10352,129007
11407,572671
10384,117174
7622,980081
12578,454360
15820,484809
563,4089
15226,579032
6396,723395
6247,206925
3339,670400
10975,499613
7475,832243
11129,985778
3051,898470
10232,576000
14106,662064
5502,901444
4558,151382
4181,464548
8426,203878
6611,433637
14641,118567
15539,85689
13119,70682
11716,486852
7316,197779
7791,305182
13034,921358
1068,47799
4060,740304
10172,997947
2591,106993
12494,598276
7828,776886
15284,405268
7947,20540
16335,623402
10234,527365
2797,844909
5341,430311
3059,890862
1559,966774
15320,90865
10284,574035
4134,773520
4481,158896
7222,77831
4062,657066
2192,34034
9637,131701
16236,484904
4272,250954
9406,292655
14309,586598
1946,976711
16235,16253
7146,439780
16784,441876
349,445992
6251,2642
5128,572278
11718,55817
16721,520271
12517,403978
15961,358274
9428,468537
14541,218131
10168,421096
11270,496174
13210,12973
11518,848744
12612,772206
16352,105880
9935,63783
15521,601026
11482,868481
11443,551265
9459,140048
9218,364308
854,888364
5619,590268
9208,672967
4391,150428
15207,380650
7183,558116
16442,52067
7936,627527
10606,722730
4979,369777
4854,151256
16476,153907
10516,132313
16261,60702
90,393250
5433,301245
14338,750229
13487,780853
8211,111807
170,498476
14051,227306
10686,240264
7595,660251
6777,591444
14661,515944
13991,986513
16795,806736
2740,956820
7368,380277
2413,588478
1852,187943
15200,99691
8467,450549
16379,733233
3375,652418
5945,996741
2641,439451
2837,562826
3498,625505
10876,10772
1285,737534
9285,144008
4015,116436
2526,750139
7814,687437
7117,610650
12359,210570
3303,73845
13874,787624
5484,214962
15067,561687
12639,380101
3388,643468
4256,78303
15738,350887
14049,655202
15780,337213
9564,130416
11910,446931
11315,157565
1733,710937
3910,850871
7552,909376
254,892108
5222,27986
8314,261816
16743,393517
10335,10829
8226,952018
12254,25307
13152,712057
15020,186936
16349,901517
11924,34503
12543,306094
14114,290854
12318,715307
15383,319168
6679,245818
635,320684
15993,898449
11375,546843
11216,181330
15401,750195
11301,267086
13804,754545
10839,479365
1588,237570
3596,311337
5816,76705
8099,753535
6551,634389
14075,460620
13431,331509
9481,115014
5295,788295
15859,552016
10634,989784
444,985602
11686,614401
1213,432226
13970,266671
6849,197278
9911,434125
5649,504283
7184,129666
5877,214076
1655,693402
15301,813690
12389,762369
5241,610345
7048,259426
10574,940453
8593,627897
4752,693692
14663,976888
10994,256332
87,354941
5132,42447
6372,223461
7411,657982
3319,738097
9355,889648
5139,724478
56,367289
3249,267685
5047,734272
13238,607752
2190,749600
15599,47908
6542,398004
1968,491089
5630,181294
9157,597334
789,691757
1413,176295
12514,220866
13459,749710
1345,385707
4034,535027
15169,217412
6770,813381
3334,184878
12998,356159
15870,226758
1871,225602
5770,582320
13196,48172
7633,127155
10699,165577
15470,821375
1903,551774
13860,288107
7649,119226
11043,952820
2922,923716
7538,175697
9477,170396
117,830552
1457,913519
7082,328374
3053,519829
12522,350540
5744,70567
13566,138458
1464,374813
3852,108616
9557,833754
14719,645000
13978,876790
3286,130831
13019,570654
1421,503727
13502,315168
14811,313767
9297,808644
7749,588485
16555,706451
14576,236567
12766,505016
4679,132099
10033,71977
11231,150102
15112,393354
10617,854752
2175,502138
16502,926731
10106,581001
12561,200823
15907,57498
8069,602264
8316,1700
12343,558520
12092,510516
1527,142994
10010,25463
655,18784
10549,509362
3248,605163
13499,220469
14959,628621
6070,329466
11360,857098
12102,161197
11870,825887
3713,484543
3230,124264
7742,270819
15092,706618
8728,279671
3386,369894
9409,997529
16545,268074
3127,655203
11344,778117
2112,981618
7310,411736
6313,585793
3681,535996
5114,291225
270,358852
14350,380784
12223,957588
1066,642358
16116,283727
11410,959635
4088,705398
5956,612411
14669,156281
13871,109037
4126,493503
12114,463129
16607,932926
4266,845537
13518,291703
11856,483180
3885,808535
8891,829893
4964,117683
7696,521799
6894,381367
9766,433357
4800,870619
2840,557862
4743,27221
13562,297348
8301,39868
5405,395238
1535,64699
9073,723027
1698,391212
12262,113390
6794,308454
12701,776355
8432,350394
13540,907829
8629,70300
1440,883695
8596,239559
9575,464691
14976,417564
3149,177128
5157,131610
10748,125426
9719,563794
6376,586886
9733,437540
4749,965052
4994,147697
538,85707
5512,53622
9778,472320
9761,666574
3174,297442
13429,796669
10467,231586
14129,925045
13608,251512
11106,526467
12048,730382
1054,323344
3582,927626
1566,553939
11529,368584
11859,304695
10582,431955
14907,242073
14039,998820
10489,913808
3331,368627
10153,752830
5271,499044
11871,39847
776,373671
3994,851230
9433,771171
14275,898182
8030,71605
8169,745340
8053,814214
4822,632249
13197,897389
13634,748556
8951,721042
12176,648840
15471,264285
14962,765238
12512,82832
8697,375399
7095,806526
13639,415035
16660,525869
5848,359967
5386,81327
10880,287483
3954,518779
13426,979469
5966,471152
16315,410688
7455,396910
11071,109399
14740,588696
16087,574423
8931,115644
15289,577987
16089,366915
12128,749280
4724,417517
8585,437568
7188,231151
5423,828089
10488,375940
5980,721244
8376,279092
12397,424385
16496,207022
4891,596298
9710,276166
6339,480800
244,741435
5002,466448
5358,786885
7636,510400
9361,981805
3601,526214
15755,392464
172,801726
3037,167302
577,615087
3607,853604
2515,134406
10413,871615
10511,615962
4637,856520
12736,587271
9534,654405
11641,805654
10419,30677
15313,877542
14915,862897
12409,66961
9405,189130
14066,37400
14108,482876
11931,673687
11464,502108
926,36931
11190,968127
10260,419471
12712,387730
1234,140149
11608,827554
3776,38513
4881,336165
10266,213965
3262,399480
3576,898680
16604,197244
8041,840533
10691,845637
8357,360230
11661,373553
4453,175347
15936,806065
8463,116067
15770,609711
466,490671
14965,626446
11227,583915
9894,480379
11746,278727
4118,850472
756,542737
15589,641251
109,198525
5778,295745
1731,641997
3450,800887
2961,647768
222,100260
11454,499885
7339,943766
12096,160243
14074,124559
4058,959720
6603,437820
3289,717428
16681,115292
8200,107251
3343,869320
7802,835946
2082,248446
217,3923
1720,819708
7224,477167
6176,248914
12571,425827
16666,597553
8908,214281
6914,379614
5428,397259
381,232318
3991,362471
16365,260606
1046,654771
391,988061
9212,449442
3022,576639
9961,856913
6764,202511
7720,476860
4809,349613
8877,223313
7817,759871
10614,11051
5553,332121
16488,241925
11002,52994
13592,553504
15050,19915
13553,860344
9041,84267
5461,1938
16274,386716
2138,528948
6245,642668
8245,290632
6491,375700
13218,524963
13101,987030
10462,183482
4079,991040
1506,687780
14107,129779
12215,145759
11576,850667
10567,592908
12713,501673
1468,711900
2549,583629
4172,633092
12380,157201
3513,68907
8165,927723
1127,643350
14601,982553
15526,29891
986,268647
14968,124504
9348,111389
6317,115611
7497,524216
5079,881294
528,137487
10964,543233
5812,866397
11022,157253
16251,277008
5863,715990
8664,774047
5396,507725
6917,948548
12776,666827
473,472001
13333,90120
13023,502445
7357,589794
10955,235453
11914,372723
12535,868599
11205,487592
13209,567829
16119,596252
2174,929245
4834,754833
10151,183089
5584,78302
6672,287692
12858,118185
5106,979643
8884,514882
13766,442848
12556,114098
12910,123979
6258,198901
7100,708290
1793,199629
3335,183611
12835,640358
10591,516914
15707,675047
16389,511153
7440,124433
6293,525339
3937,136697
16527,492076
5102,890838
10734,913246
7986,510760
6495,88200
9571,224317
5131,718033
10761,287058
143,168776
13829,165235
13662,698220
1771,68676
5448,680917
8594,447727
12038,670640
16471,171017
16764,195598
1282,448539
15101,421137
9473,322600
2324,220298
14448,492828
6000,270847
2077,764845
12960,251716
15837,596446
8805,209309
9987,683980
1580,169977
11089,47654
10926,545689
12773,579957
6490,892925
10858,460124
2831,839182
16326,535206
371,633506
8852,892991
6713,704673
4230,534171
3639,797387
3642,310688
5149,801732
2861,808732
13300,30914
2807,319193
5919,776752
12716,594506
4271,925140
16055,701720
3747,193799
5857,452028
6884,312489
16027,482108
3512,535435
5181,680813
16732,779914
1908,74253
12082,297826
7286,792356
8216,228271
6929,284277
3950,304039
12479,177001
877,187405
1366,540186
384,557816
5767,885003
6910,296441
187,352785
10164,837040
8603,169037
15834,863442
3078,496093
3479,866201
6671,11158
6078,972839
16271,219749
16191,168084
11544,596242
7781,641816
14918,918820
6238,286445
12989,81591
11907,43940
9696,94761
14084,976641
3895,620850
4367,841339
8453,170892
7638,652215
8373,211313
4674,772642
15787,27703
5903,390324
13679,362138
9018,441921
15823,641204
13289,258885
9896,490792
14436,321145
5547,688786
4048,137040
16579,695104
8550,505557
9385,850440
5242,126753
31,213835
6144,188484
3990,735324
2523,99758
12608,292770
7234,766458
15264,306863
9623,670089
3161,477631
7425,8334
13021,898436
4044,808404
15411,29621
979,590056
5514,320111
4817,941000
2115,484040
10571,445288
8992,462464
15546,522860
11359,192080
11972,804709
12838,949407
5948,77668
422,483890
4855,67262
16197,159671
8926,609065
5703,223412
8848,670971
7039,93901
3806,872472
15154,135362
13132,756190
7438,521892
4398,427460
2440,71813
3751,142174
1476,744051
2264,458614
16444,935844
10704,439240
4033,739602
4508,249362
16290,68321
10387,604890
5457,500326
4910,854591
7451,493534
10732,465414
8015,202083
6148,933201
5892,186120
7825,665608
6851,527454
6633,175310
2139,324014
10213,536766
2830,432643
13907,564214
15897,170302
8311,227590
14230,300968
3878,758004
13732,129186
12110,485214
10675,167564
12946,512670
16754,234117
4394,334287
16728,164827
14378,814774
9949,219827
994,277960
13258,998256
5883,530430
6933,21471
13193,2539
13286,296465
13407,322402
7512,419192
7221,528276
14428,738518
1740,43928
3,12951
12952,268859
11537,335048
2558,585365
14081,819609
3517,213483
7149,41349
15777,699657
8995,605294
826,694000
509,889801
14875,12243
6591,97279
11283,279889
9897,67423
14902,135660
14291,61159
3162,319711
4206,332564
11580,893116
2007,851122
14939,499407
13572,331459
10720,200179
4253,587599
10857,890772
6254,932757
14681,31398
8080,585451
8006,856582
13135,439049
4527,352900
12688,550867
15920,986948
16786,962362
16637,913431
949,226912
10696,409079
605,80033
10819,67003
9490,689808
1813,857002
15958,985874
10873,988576
14381,622846
5745,987111
286,874484
14799,848341
437,874965
12172,399120
8534,804737
14463,377405
13672,287166
6720,181531
16057,869504
2659,556789
11649,266386
4478,308517
555,299312
4819,221265
15188,18973
16115,995919
11427,23381
15483,487247
829,241109
13576,117827
13810,389975
1052,733393
10673,64219
8525,186038
13154,893632
13856,221215
5125,467137
5551,247847
14262,927688
8872,255125
10341,269858
7231,509346
10950,112707
4031,515842
13852,759951
5886,903097
859,832581
9436,182451
13638,224539
15337,645298
5506,653252
13550,501239
12630,179036
6466,302368
3282,309380
4474,311085
138,597143
15490,281591
11584,724188
13309,54127
8860,655533
14037,346891
1329,80103
2198,32582
1210,418197
10076,303850
6692,856135
6074,213229
13921,951064
1646,45998
11676,706081
683,382012
4839,387953
12392,328084
5206,622962
9104,897389
15554,858399
1590,409709
7894,625208
9286,84673
15364,945498
8260,265032
5746,937699
3357,428600
4755,267424
5896,249979
16520,436728
8880,729849
9321,842932
16463,451887
4861,298171
5687,56091
2785,860496
5571,271033
11070,975489
11577,480942
3993,524449
10908,185834
3696,215466
1755,322746
4053,408991
11954,329197
15294,880827
12452,548149
2202,907845
13564,416485
5134,492431
7447,88380
5929,741486
16714,571987
13005,405846
11740,111959
3535,381214
11837,561440
7382,855142
16709,282759
5908,982557
16333,805600
14776,537767
831,796479
5944,258904
1764,947104
5782,193236
7091,744925
7871,795989
10449,663151
15137,616765
2181,329031
8667,185252
4207,682508
3528,751827
5611,509528
5894,247663
14255,585069
16064,865502
5076,305538
3537,991892
6369,271970
1938,124089
11844,604444
7717,755401
3800,269856
6897,586819
255,700625
607,719151
6368,83849
15211,199699
13229,702935
6091,144713
14260,680976
15104,81994
7378,442658
12575,784263
137,300760
14572,431282
12530,374876
512,689433
7251,900555
4545,429484
14928,992187
3934,208766
12097,586019
10979,207657
16455,208579
4190,235130
7577,840548
11609,540793
2346,880019
7363,137402
13535,557048
9864,607147
16645,296314
2689,408642
5994,959319
14493,962973
7391,247546
13674,507031
7137,386590
5438,999876
10693,366873
9037,152139
14329,524559
11660,595101
9734,58065
12046,464527
11704,415872
7843,584837
3499,167643
16012,342888
15759,815898
10884,555077
9115,242715
4066,708166
12745,326226
9627,99588
12977,264938
7620,826694
11955,813221
271,898265
16091,583975
2193,288573
6190,780771
7071,164409
14320,24437
15578,902826
267,819833
1930,89971
7426,419613
13890,186518
4176,933054
5453,612482
5526,467204
8780,781058
10299,438436
959,719490
3458,316436
5363,968964
9281,635524
8076,124494
2492,180809
4746,937428
11380,830476
10881,556928
16392,283843
8071,613957
16740,428033
4846,589261
5299,279070
2046,142156
11623,3396
6539,919609
12234,512322
14240,307815
3443,698621
2127,339386
11259,570594
7889,753357
16655,859403
15790,905810
3686,351847
4392,471776
3103,58692
7047,350161
13014,749060
11269,334234
4304,876193
13513,489579
12969,971974
6966,334169
8883,890567
6064,600806
12341,615603
10107,891019
130,952131
2406,531783
6089,529818
316,926670
15812,149704
7053,175697
14691,413364
11881,163134
13503,735106
9569,412510
9846,510561
14415,628632
14873,259068
11180,83349
7256,545397
3721,153172
1211,542271
14887,80398
16220,465880
15451,448618
1602,525213
8917,39720
15595,5063
15242,992976
3957,177031
14923,331221
3087,95677
12959,919254
13631,845494
12704,187456
15197,558824
12599,887015
8761,727241
13013,680684
3464,420729
2366,327294
10845,154441
8092,19208
10528,611492
7132,894047
8958,773588
7959,788918
4847,891979
1477,976550
8264,873458
10048,463083
10492,512429
3859,753540
8676,583726
8146,835854
1619,390762
12609,764411
11001,763310
3644,727233
8362,140974
537,753955
1298,451046
1023,604971
8659,30752
11538,402371
16036,832551
2392,101794
12099,286139
12935,888637
1050,409730
3068,672101
2083,858478
7652,333184
8696,139317
11183,137752
11386,854032
10752,398716
3371,349899
4149,379309
16775,817916
12187,852973
14421,537307
13693,704347
6560,437078
3497,574889
3396,141766
1223,292120
14796,499807
16190,262543
6060,317352
10111,548003
10983,739913
11228,119891
13208,15417
525,503778
6923,619087
6785,239445
3731,569698
16577,221909
6518,516467
6610,549868
5509,214174
9942,575322
10148,57256
5351,463295
11029,650199
6561,253156
10056,960807
13913,824574
1906,735958
5081,282812
6341,31361
1859,434908
3336,345825
14163,594606
6204,17111
13285,501384
11492,658967
14596,609632
4696,939423
4771,312183
11296,226560
5851,167226
2850,889741
10011,19893
5988,264151
2316,699764
3211,60300
13525,477519
6383,36147
1420,937645
11748,746895
4222,978654
8363,88775
4412,326410
14384,28942
9844,28672
9315,497455
11604,985105
10644,936955
12995,649902
16615,891239
1959,287176
14562,890278
11934,564716
8494,236387
4255,630451
13000,344080
2461,939643
13661,862710
2886,535640
519,591143
5440,513582
10353,332755
12305,137788
2983,41755
12032,406120
743,935362
8250,429210
7890,689756
4722,281629
15358,602926
4183,898882
3970,896796
303,831843
2207,512448
4022,45055
1132,197428
12278,660804
9280,981395
14940,378465
6413,174464
15213,767188
9656,618721
12036,208449
3151,179519
15530,364456
13263,584520
6750,585021
11488,726132
9532,377729
8462,634889
11494,926861
10270,930373
5476,222626
12486,547268
5501,912773
15871,601418
14733,544139
6103,366799
7911,282114
4359,306605
9595,328327
13851,754149
7854,937349
8684,421471
15239,303784
10012,1577
14995,489209
9791,244522
5567,538318
10883,370318
25,435328
939,462621
9919,785488
6321,304449
16767,405151
16464,960551
3170,864410
1522,908274
5138,955323
797,898654
14586,548231
2872,266983
4259,207327
16616,40026
16512,470700
9663,822853
245,772984
16369,284397
5254,967087
8672,101879
8004,723708
3109,946576
2588,650308
8814,232780
15888,337796
14668,265182
13432,466844
7981,454470
2048,738633
1667,453076
2349,282716
6136,893779
8166,104628
1709,98929
14649,462241
9187,539124
2927,649224
10220,366425
6331,166838
7044,62730
1736,969041
1840,268883
4852,57206
13311,457292
3330,674002
7004,26548
12472,4598
7664,357712
16537,454176
15032,791376
5325,519455
800,183654
1438,658452
3953,26765
7135,68453
10371,792326
709,879443
4836,555587
14709,47088
2216,66433
11948,704951
5221,421155
159,107583
15775,124206
4818,356856
10222,736322
9867,425812
11763,564843
511,21159
9337,123267
15529,15298
9134,115107
2759,529656
1458,306141
13261,115502
11772,756449
8107,696780
13847,634290
14414,552242
12833,205534
5282,901293
13760,103382
430,912966
12580,727548
10985,519695
14321,617961
15960,974590
4803,559678
6741,177523
4046,419794
5060,627591
9593,390368
8088,22077
13888,988114
12065,823320
13336,603247
2449,793444
7499,321103
11082,160591
211,541352
11469,865386
5452,342623
7732,595842
10080,712088
15088,857694
6112,231891
7903,261462
2249,316770
79,367081
13941,349332
6693,466984
1156,336980
3877,361619
2864,229816
4519,962539
4712,830378
4642,545569
4766,116466
2429,112327
12013,846654
12309,933143
5505,903706
13711,226684
10483,464474
1648,225034
9391,820064
699,8103
7034,44366
10415,117445
839,738932
7602,856070
15682,714955
16354,211333
13686,476015
5026,342792
3081,466273
5009,14777
4173,584756
3228,479553
15482,972607
5700,338154
6252,613070
8207,218537
2984,829214
3507,740033
15950,5991
13377,651941
15594,913753
11798,702754
13493,72185
4976,767003
3771,226612
1107,500267
16171,401395
15257,238953
6221,35438
4936,310513
6343,831568
16109,514084
15352,774325
9489,402947
14029,941822
4879,218629
6828,72376
11950,342882
14964,286484
9074,362017
10514,667502
10702,288161
3476,764318
15469,932267
5608,60375
13446,910266
1683,909270
6759,450160
186,983368
7822,986981
7017,312695
1944,483667
10515,272740
2824,521649
3649,860224
8228,281115
6599,346641
9165,851569
12316,570762
11720,529190
13943,597920
15315,5912
14812,315576
4799,770782
2600,725852
5724,366829
3033,143938
2985,885912
8885,439089
12691,899634
15079,278123
14599,254093
7681,925171
5849,262343
675,801652
4343,374535
3122,567691
16602,291331
2211,378271
12965,425322
11016,75958
15756,166883
16151,635272
10746,865509
14130,287565
2231,469242
12325,470653
8949,505247
2859,68909
6797,291588
5793,757386
1000,264869
7364,664642
13802,62254
12755,747461
10782,996725
13169,7106
9007,12142
2118,285787
14517,486857
3001,201834
11913,461298
4030,273890
5323,978609
3572,607485
10290,593203
15321,412799
12795,858086
8845,586422
14559,536277
1435,200088
6180,480625
10590,686577
3889,805528
13160,991341
15254,734103
2436,756366
1770,518830
912,863291
12385,212940
2188,865219
13444,302345
11487,405289
14836,414064
4923,460070
15779,14318
8900,757563
10932,84571
6085,857998
6762,727960
1005,640826
16552,444365
13248,734435
6580,487587
10706,440553
8539,236354
10743,73254
9243,711978
10609,380539
9638,780627
5399,746944
1222,428865
4124,461070
2131,675955
12869,78284
7899,159057
3251,137591
11088,319560
14653,302073
3010,762060
12160,135250
6288,962615
14890,719510
13437,60388
2385,95991
16650,142448
10159,982050
7940,71333
12953,715402
9803,418132
14247,367283
5251,607610
14337,831872
9967,587451
4618,149889
15378,71562
8963,828509
2472,616290
8736,444582
14823,488803
8675,888538
13596,374719
16487,958732
12629,512779
11965,967415
4136,533087
13012,824433
5309,556873
517,384773
9553,500963
10120,464007
5991,844238
9862,530187
9420,335947
4968,718932
11904,481270
15824,729556
9365,908548
14879,457227
8205,323483
15184,93621
1918,30825
16013,969919
9802,211445
13752,467618
16156,304540
5194,286621
2746,65125
15982,293173
5605,8835
8288,707177
5707,362919
7933,871178
8324,743211
2506,346033
12293,135908
10551,86550
5346,854531
4197,413403
3237,446006
3390,35375
9751,639655
1391,832081
1928,152797
10992,673584
6792,221341
5663,394307
13280,790875
5218,191003
16748,15371
15835,798448
14850,132533
1359,825673
7428,847842
4201,187492
13089,178953
7182,894498
1467,191794
9829,455719
4344,494954
4129,745484
1905,126616
93,107840
8320,395336
12070,56972
8290,328992
11005,229631
116,906853
12275,142426
12588,384903
11378,356589
10961,277024
10251,180333
1152,902868
12167,751149
11569,344202
4141,192224
7614,697577
13805,471199
14680,964217
13543,203043
6786,414349
13529,581487
9158,835974
5360,699636
6098,493693
11174,488804
307,85358
1892,683180
6948,56445
2227,44829
12790,180256
3653,132135
2912,735491
16735,442022
5446,519942
8532,958466
10311,670546
10051,665524
918,524371
2766,51974
734,764617
6882,737386
15971,866993
1735,851795
442,483544
7228,515524
507,852523
8461,355370
4514,583410
4133,29009
14803,786883
14297,525074
9924,596357
13797,733363
8497,545420
8729,847234
16046,692954
15087,744991
2874,85296
7415,570401
13893,903175
12611,561077
7779,755029
8221,728656
7790,488934
12728,197447
3372,425114
12845,53098
13107,264636
2475,856552
5820,712491
14505,925888
382,368393
1339,571171
4940,643876
1481,852148
9025,718560
14636,262821
10668,583084
2025,342551
2910,894627
5836,662508
3444,1329
11165,884516
16000,747575
5281,642610
15350,255134
7321,506798
2863,39244
3563,808080
5094,502096
1027,352069
7953,504701
1788,362029
11061,890181
1839,497320
7766,846104
2250,950194
14701,907206
13149,28260
14040,13509
13370,337428
9312,277456
10493,726949
11985,479834
2698,271752
4659,441588
3002,418278
4795,204277
3986,384245
1753,706772
6681,425310
14801,199079
14252,338754
5017,914017
12267,156440
10681,835280
10800,53772
13910,469207
355,220920
12255,783352
10435,40604
13840,103601
7656,552165
1659,921180
2333,540153
4580,216821
12699,868132
9974,136347
14083,546662
15347,844021
1473,785356
4984,99368
9203,715894
5806,509470
5590,200341
4509,988461
763,272302
3067,55665
1143,112928
15403,492951
10793,359139
4849,482573
10717,910919
5430,680370
5874,888960
11286,730282
4407,900320
11998,230141
1131,812260
11920,608109
12404,735992
6552,663495
8459,556024
4704,573017
13883,384807
13830,49336
13273,997265
11323,588495
13257,53335
15846,96410
9132,58872
2909,98804
15927,249305
16500,173097
15974,415686
1278,933575
2893,600182
16128,534385
12794,408227
1341,961969
9219,24107
2982,320869
3113,798534
14358,829349
295,81742
732,692771
14926,466180
9155,494605
2045,262963
3879,944381
5361,924422
9750,717233
1711,463071
13269,756581
7020,418899
832,88923
4009,136262
5184,886554
13844,316222
12471,193984
1294,254760
6058,948200
15614,727722
7214,380378
9841,737727
4639,311323
5018,362613
1139,11112
2896,620194
7987,591995
13272,47950
13454,178774
14287,538416
414,152460
1524,913555
5818,966135
973,795071
2888,952550
6269,865403
7343,585484
14834,248096
10672,802210
2595,694127
12843,729143
8973,203712
13539,103156
12351,515758
12322,9145
13659,601159
14758,150118
14157,857984
9874,293296
11513,753586
5034,289999
6779,351162
8009,639513
891,421853
6663,241240
11506,79452
4740,976099
9254,524975
2609,662691
13601,913563
3862,649801
16490,912767
8819,694720
6836,738309
16232,646864
15988,440726
6009,951713
15339,939913
2953,39172
8340,584133
8723,28332
6760,666433
7960,784137
13358,395206
2009,629821
9977,261759
12445,473649
11130,811388
9205,79548
9078,949411
8317,729026
13108,460260
15196,309382
12406,715537
5946,730958
5538,253374
16264,788780
3752,496007
13995,619979
181,511989
13304,269071
4262,892037
11552,110904
817,507659
1198,975384
16535,482169
450,839819
13207,692070
1551,660209
250,929383
11528,521303
16350,961625
4573,998492
7990,664684
2372,776586
193,381890
8713,403695
7617,581478
1215,550990
3107,745510
8756,548016
15942,437425
7540,684956
14629,549627
8109,667112
10816,262507
10205,157363
4462,593486
9908,268721
11376,50703
16108,826775
13832,791087
3744,311088
15265,263992
5422,757440
2941,837739
15866,843316
15172,204371
15904,886201
5679,122885
5825,421314
3958,979692
8591,524865
1475,851386
2397,570828
12419,540137
7533,392089
10339,60460
8760,857045
13040,344874
5620,439436
4840,532976
10464,104752
7543,160144
1320,621450
2272,92036
6550,523569
4518,347217
2340,122859
1484,267335
1233,367942
12897,895396
15344,754757
7061,489457
13807,83138
487,936137
12297,969459
13452,38015
5624,633980
4483,692015
265,173440
503,487381
8919,474240
3102,100513
5190,855043
7699,333815
15080,180710
2439,966928
4387,514537
7427,412849
16056,308403
14546,237199
12353,585634
6991,80971
18,1514
459,937470
433,606091
12001,435572
4428,249995
2650,976049
5652,797145
9455,751449
469,457683
14997,764700
624,460461
798,793695
12317,373225
9011,865445
2923,684660
7130,723130
1616,92274
134,975335
7463,790593
15732,391845
3275,770000
6621,135645
10570,268088
6105,41814
6858,692153
1929,831845
14583,363266
354,57255
6378,102736
13192,497553
3602,180132
9148,386798
5459,543711
12800,302017
11077,564328
7301,576902
10775,49596
15009,189975
8770,942996
9996,591676
6810,510715
11364,987775
7252,500272
5910,723593
13187,74033
14678,822972
426,162523
4099,183375
13496,888803
8005,940155
9467,138573
6732,359919
11617,910085
5439,356191
14195,754853
10131,468703
12788,351091
13988,918278
12153,85157
6270,285025
10988,473432
8,759416
146,984327
3764,876574
5118,671233
11023,591681
2951,375968
10101,891484
4729,718934
8148,669466
15305,852617
8325,793590
1935,850370
2839,307392
1845,144629
2842,354072
14019,774343
11188,20967
15199,448777
12563,402256
5231,298160
7555,164113
10436,928064
14610,790271
5912,673410
12443,5863
15918,486231
11051,449338
2714,582437
10766,289575
15508,535646
12118,106596
9160,148008
12019,575981
12062,934933
9176,255583
6135,733840
6563,883346
5962,67785
5783,882554
2580,651921
802,636484
956,160348
8690,369429
1228,896164
15046,244423
5603,539218
5199,736893
3842,866698
7671,907028
5214,729096
4381,401060
4620,656501
6289,733070
2692,903219
9671,201615
10115,810532
3164,259307
10277,798125
2836,578580
10486,735580
13313,75907
928,742644
12266,959109
16085,671985
2260,929637
751,222043
5943,754388
10141,356624
337,928052
12212,337645
1910,727018
13403,447909
3061,663400
2733,267614
14115,491341
2446,989851
2183,35445
1926,187735
6044,161356
6783,318815
11437,515823
10625,203476
11817,935874
10545,434904
3133,864231
2690,362308
12705,15589
4707,728098
8509,86438
8065,825084
14342,300232
7809,59701
9403,389881
1874,246489
14313,578089
16466,603419
10740,608101
336,486867
14024,133976
11170,641469
4606,289581
12470,655308
11636,884053
11761,862827
4609,830968
2330,118442
14557,923148
1409,781951
11189,446763
9899,212805
5032,523497
13387,449561
7565,118003
3409,828967
2898,198084
6632,207266
2029,756397
13254,294664
1663,82092
16706,97370
1723,760680
10023,275128
11903,160841
12450,961251
15580,324461
11011,918541
16756,143754
13366,917921
10440,640689
13961,3834
3015,162353
5648,687516
11547,961003
12886,893524
9198,4775
12434,517407
10605,228231
11593,616262
866,669306
14734,582039
5038,111411
5702,5120
4937,453864
11820,550069
106,248137
7736,800102
591,281720
11462,623709
15858,627406
15205,661629
7607,232785
3457,775242
9129,9532
4161,770606
13565,545667
13575,675509
7522,397386
1419,306082
13109,112951
11539,261491
15627,5225
16080,692889
8818,951491
15655,107348
1649,629229
7741,362418
15168,249947
12810,527383
16689,889795
9976,183204
907,227145
13986,700698
2710,427601
12889,274786
3214,796904
10022,632154
15217,322554
15719,200743
4515,703743
16716,229698
14523,988809
9989,359502
13618,334405
1158,800224
15397,524895
11680,427085
11329,864479
7431,443707
4539,893433
8543,679267
13784,189497
1073,248832
5334,388668
14316,593343
8350,922997
2838,380008
15543,349121
11933,983685
2932,89832
5859,278671
8102,772952
14265,378826
11906,474890
11418,156583
15990,525651
14498,13235
2076,308327
14742,450028
14578,274266
16733,82134
10126,478218
8331,175714
12233,185768
2695,263557
11610,748948
6902,463192
4109,319555
13330,337437
3320,562219
9,565007
16231,272025
13771,948978
1778,516676
11730,85542
3543,962166
423,287134
6957,278162
12076,2943
4974,698404
5546,454993
4064,267279
7924,476773
6776,77945
7410,23576
8956,177048
4709,776951
11148,673378
14788,774400
12876,805997
1596,621257
16214,369717
8752,393519
12644,25242
4198,29124
15592,698490
10685,129952
14466,447899
16434,516059
14341,703113
12708,821323
13262,446345
11318,333312
2033,822573
15857,99631
16554,577253
10771,343736
15708,922743
11637,142333
2870,949552
7582,2733
9739,193354
9342,127989
6338,860490
13046,825429
12579,726258
6342,858421
7160,434436
1324,27722
12991,462132
13756,682790
6019,408886
10078,258223
2343,380128
16275,489930
5696,41207
1,858737
2248,171506
15628,454870
682,251006
14884,599782
11031,237388
4001,433892
8533,888140
15147,627195
12747,791150
13168,446225
12829,639597
2675,178079
882,683424
14577,597662
7264,59653
13799,226230
2219,584187
15208,638161
9178,182237
9876,364001
14506,649013
1695,3369
6661,523138
12200,48008
7963,514984
3209,471058
8164,582905
7584,868179
7873,962499
11212,639638
13736,542590
626,948092
6284,915284
13728,611454
7099,299547
1618,744097
7201,424501
5902,65881
15739,972335
9546,906103
9505,456608
7818,142559
15324,543488
7289,435638
4548,971048
13058,990778
13623,560531
2668,349796
2799,441249
3867,111136
8658,572774
9543,192012
987,305810
6209,482036
7939,301529
16478,506149
4258,593412
12738,422313
11027,879368
1741,771754
16198,427141
15975,541177
9224,465027
16792,789924
11729,623621
13121,252484
16528,528892
15677,860535
15433,491087
4,504187
12408,217646
8441,519116
1624,165983
16449,573894
6872,161656
12271,545035
13396,18669
15833,942568
1105,586707
4106,604760
3031,700352
4546,598361
8258,345746
9946,755800
8027,510619
6337,307563
10342,622075
1885,665468
619,157561
3531,366222
11357,496310
1380,830466
5691,415865
14780,972109
3930,934887
3148,824249
3830,278114
12670,483612
14274,94226
3438,874749
3242,679988
5470,869538
14237,579646
2431,609871
1425,508549
14227,4641
7009,512502
16024,551390
7330,813109
12378,614312
10378,490937
6926,31501
4027,510636
7435,127366
11299,944263
12112,855030
4723,553155
14224,966682
11300,278040
16124,853844
4988,847499
8019,446423
4036,93326
2075,84876
14593,414540
4499,937430
3685,692066
2168,252231
8263,701564
9242,718266
14855,775098
2800,661635
14715,708665
12729,538364
14683,407557
429,170018
723,692078
8170,374957
2770,977513
14395,705277
12326,906824
221,265848
9448,477901
1593,677802
8962,544283
11068,507384
7896,359139
758,184464
9252,985275
6077,376589
4186,952532
8220,264922
753,452989
13063,898026
5728,153152
10817,467460
7868,611403
8580,453829
11100,179954
1003,579075
4779,84095
7121,784363
3946,288431
4426,139991
11309,754978
11285,676180
8222,725906
1189,708949
16356,655071
446,285031
8530,921915
14289,299123
16009,325445
9692,952719
13489,633965
13010,338399
6083,632537
2707,644559
5898,191960
12994,328532
8796,967885
3009,899048
7033,162096
6615,729616
2235,563301
5565,673069
5869,235869
6384,70998
1001,672709
11540,133630
13967,567715
4097,384607
9993,650262
10166,13876
15928,842448
14584,679315
1962,631161
10363,471803
1097,571028
3430,110037
1672,184310
9195,933369
16193,552695
9076,326030
13030,384222
14459,899152
8470,701922
7810,930538
4342,610955
8551,462052
5555,269675
12190,60173
8875,828715
3179,880946
291,25704
4549,23520
11486,758605
9349,513383
5305,901100
3379,865811
12593,983669
13712,111007
12847,720422
3964,39289
13981,941362
2538,816541
14764,955617
6147,352758
16693,215229
9398,607415
13554,281429
11054,721603
9462,89966
1528,465772
7096,761864
8993,802394
3738,609119
15096,302790
97,28158
5701,409114
12401,676933
2113,586584
15724,556314
15692,996440
12791,786768
10747,485138
1730,550136
5010,229319
10173,929502
6771,450525
6524,396067
6995,103462
14303,697219
1274,723429
9095,910238
15435,290838
9363,200903
7913,631487
14286,70196
4759,924703
8674,475508
12459,262015
436,284518
13586,595481
3231,370358
8124,207229
1226,375418
6887,998418
8855,757077
1768,699505
1630,760395
13293,691704
5705,824226
9067,749460
2790,172713
15012,147642
2411,689497
12054,35210
15653,890450
278,729307
1828,417136
7031,323834
3906,53173
13027,591305
4505,493408
3927,92802
12396,238546
6394,274062
8922,537752
11446,385334
7546,189837
15150,493296
2988,786956
3077,272088
2111,530379
10235,928818
15784,857365
12113,203335
5645,65045
9326,70863
12895,3880
11733,211466
1201,458980
5253,87558
16547,661450
2378,754123
11477,171086
1984,355937
8806,298970
16722,905206
7893,580481
8821,575207
9816,911833
5133,181831
8377,203879
7319,446082
2326,536298
3492,13397
14868,170036
13464,988090
1137,457186
15733,309510
12108,578616
2564,773877
11080,542321
9084,10640
8744,576275
5915,335043
14622,256883
9818,279724
2376,850878
16788,28484
11363,451727
14256,146074
3701,491783
12627,692117
9235,37806
6012,81021
2189,425597
14736,10117
5252,548004
16708,757128
320,821341
6943,744242
10548,212424
11356,440961
5855,701456
10265,878529
3325,434306
10243,287661
5549,588231
1284,321793
14510,599490
12488,161616
12089,331696
11715,308465
312,567680
3700,110482
10028,231529
12374,582436
9624,930085
5232,758639
13763,90164
2774,117451
12312,436502
3288,336070
5404,347318
3555,967752
3070,589678
12879,593803
11402,34545
9345,755147
1045,631786
16544,14546
5409,604021
2787,286012
7055,510763
2853,131562
861,913677
5480,139382
15178,530949
13428,192497
7564,906564
5974,121620
16292,639206
11066,232415
5265,780581
1966,505687
1142,567614
1721,387440
16606,204881
7992,730672
3304,813315
15181,532707
14750,117951
16207,414152
14087,474426
3359,544343
5926,590654
12703,130984
15813,228087
11697,49026
12548,423227
13249,270056
15248,333508
15847,209902
3939,951847
11961,424111
1358,531005
4604,379849
4357,607537
5763,650474
11193,397559
14327,394327
10750,95491
306,185891
5043,49481
1343,318691
8981,232398
8809,434842
13563,487763
8617,931849
5398,374399
12061,212873
2246,204181
1976,621515
1729,883808
3980,260998
14213,549329
13944,353673
2321,120455
6624,787113
7751,578210
15418,289217
269,762321
9075,605696
9636,70004
13367,697056
8808,473179
3260,810693
13959,706989
13741,64426
8198,552958
5957,27769
14778,757488
1202,704414
2547,649240
12749,934081
9547,948590
12617,108864
2606,832445
1350,94621
822,567877
2778,275060
4870,567800
1985,91131
12634,580361
7494,350319
10397,162574
3184,637549
875,592920
4425,574721
6285,389061
10272,202191
4413,423635
10671,850126
16477,742289
6068,965818
3085,57977
5694,888297
13369,553941
7268,167316
10542,963260
5755,71474
5152,278641
12310,456186
7778,678517
12539,179128
13140,664672
2991,180795
6763,262686
9780,536727
14402,470591
12143,176200
15306,816885
6408,339669
14645,517788
5708,684390
4461,922969
2649,758348
10758,493627
2495,354940
12117,958624
6946,348667
12901,234276
15637,925379
625,696237
3028,410503
12041,881060
4885,204330
7232,906259
1897,209486
10380,763030
13762,61683
12954,498256
7621,18918
5067,932493
1851,43242
5042,903900
5170,183913
5454,167984
4423,97172
9137,215091
1200,870288
1134,886869
2363,957305
8946,279462
10223,146104
834,311924
14667,288761
15963,840738
14232,754337
9549,96767
16132,457628
14712,56208
4623,431239
4089,479423
16054,263273
1805,846396
1138,926460
12929,223586
7529,497748
15818,946355
11222,135194
923,467465
10708,53644
8742,264061
648,69587
5287,408023
16378,76673
9837,767717
9653,355136
6568,122308
9930,592370
1823,58987
3194,720669
13453,914541
10226,147937
10301,915940
1186,829436
12857,385618
4883,363501
2854,462229
16744,407418
6559,692091
1986,713429
11373,595388
10019,45012
2322,438066
2214,369092
8759,880376
12228,901734
9563,226534
7271,605928
1161,221759
8436,835699
390,701679
2238,116604
15247,220586
2728,881206
13277,85232
6320,995845
9152,967794
14741,964735
179,510445
4699,980156
6726,872180
12516,39704
12405,843992
14354,487747
11036,942541
3805,488162
12287,868919
13915,351628
13935,841906
4463,349797
14057,377918
3897,678944
13602,264840
14652,800225
6533,826508
5485,405357
5037,843913
2179,190724
4786,160461
940,536068
13801,535478
2311,598371
15753,76184
7725,217250
14405,343990
13461,395309
14096,493854
15634,559570
11208,90329
8640,318418
13666,754971
9169,844788
5839,475101
5936,941076
8843,580328
10815,496262
12717,961373
8548,799866
8230,914834
11321,570443
9767,315170
497,250017
9143,365382
16166,335983
15231,916280
9568,841820
13185,493911
3594,970378
5924,115517
2949,235099
2762,54731
2017,666116
11116,694061
6626,141326
13055,282618
7852,365012
7930,252335
10694,850919
5922,5971
9209,285621
9278,60615
1482,257775
5671,950144
10618,660784
7303,883792
13702,865125
6451,785181
1761,95054
14567,36508
12064,861371
8526,684774
4270,38774
9845,854853
15987,96817
5923,848782
13302,437448
16052,436535
1613,192832
7662,475166
1705,16869
5845,935061
8873,339586
2798,162906
965,801184
1355,79416
16596,672147
5296,65430
14032,766896
2451,411868
15949,981783
4393,930906
764,930764
5317,419324
10610,882333
10646,436937
7695,333089
12743,844412
1837,695714
10674,614134
14979,797200
6683,705688
6587,922689
7266,617667
10136,596174
1048,127348
4677,641831
6976,626398
8120,266258
7461,914709
4229,989575
15983,248134
7147,748774
10409,426481
4041,539650
4431,355729
3196,46744
9825,449543
3284,309062
3838,909255
9183,720944
8100,333925
4922,72555
10798,722359
2873,931169
1952,28146
6474,220787
12695,244779
16195,752399
237,304133
13952,863627
11350,692064
946,455492
5985,180804
16427,573768
13937,258946
876,534726
14371,720563
5527,538828
9220,562591
11726,538068
2966,50877
12725,902
12457,97073
16515,438500
10969,742317
12647,688209
3926,669334
4302,139736
2508,811195
8718,342708
7678,512947
12912,946037
5935,71787
4634,257421
6208,375748
7833,328222
6449,79992
10692,673709
2676,899177
6723,776402
16727,41312
5356,123608
13386,91789
7813,683427
16321,883082
5500,656393
1917,548360
11065,199984
2809,1699
4220,323416
16412,373503
14670,221052
12787,802855
3843,864575
5953,861587
16182,826930
1406,305315
16382,977431
11650,725774
721,618170
11045,108166
14478,351640
9214,678711
8615,129483
8334,912028
3389,628834
2681,914007
2373,985677
6031,241293
2452,782297
14305,816922
9484,285201
862,81892
3422,993571
304,71738
7697,383538
16394,864934
2882,173313
5600,260707
13649,788283
3440,702007
12920,39626
13733,109075
3106,126020
5959,445971
7748,952811
6345,604944
14551,813544
9496,533349
7180,945507
7883,147602
5875,526046
5126,90103
15605,523313
7306,108672
10020,824929
8909,315780
6719,318428
5243,872245
8971,24896
10062,639031
11962,989778
13462,31803
8986,70638
7320,472598
15855,272397
9415,549455
11908,570310
16582,871434
5573,703080
6704,450041
12499,828336
7110,777150
13600,69009
772,218927
5155,711277
14191,909309
3734,987078
2860,360516
13680,345139
9879,539806
5333,502563
5208,542267
188,631254
11440,262392
1165,236075
15559,485448
12706,909686
27,153874
4611,928985
12937,735755
16276,362189
6153,978885
12058,100257
14982,696893
15195,166500
778,699540
10769,169618
3268,457126
1286,707007
5450,120764
1221,54497
9940,653178
13325,243366
12270,273709
8822,533276
10897,107384
9330,266639
11984,886346
15056,185483
14954,84967
14905,860335
5219,427874
6613,87615
9139,643999
11456,247712
16626,385068
11247,819663
9972,725528
2631,336235
6526,807913
192,580062
14160,966164
7623,586709
5468,921948
11331,56268
3308,421331
16154,369253
7526,924221
10174,135768
786,488318
3956,835419
11499,605778
2105,786341
16065,764452
5999,442990
1060,502950
4805,152339
14876,408874
1411,960249
6989,776483
9869,539946
1272,135037
13306,256914
4853,794241
210,27012
4466,309445
2954,89951
11110,838274
6576,669331
10424,739482
14269,15824
7491,428979
2158,707535
7386,716518
10555,303918
13,300826
10184,740933
15576,354792
10698,410123
5375,741459
9089,250989
6126,892770
6973,419235
15437,570335
5000,28277
3690,782482
14190,549049
14930,321574
13468,761612
4658,408129
9111,839857
14766,813003
10291,583030
7295,476774
7394,486946
3936,37079
7127,244503
11822,753765
908,630052
3669,105054
15641,45120
7585,662873
2569,993122
976,387347
16111,998547
10258,919018
13075,973297
13059,301046
5893,674419
2308,948119
6724,798406
9533,681419
2122,554326
3047,195609
8558,443901
6977,238947
9526,474300
12127,430028
385,823247
13382,19682
4135,83984
10162,754373
6932,270376
13321,637768
3925,588395
14794,260037
15151,933328
7125,850239
12017,456731
12288,957387
5618,730453
14018,707280
16465,462828
5268,118258
14685,814132
6477,505120
6618,17918
12521,531148
14749,795486
783,178221
14120,56698
6367,757028
9493,192059
6941,595891
178,32105
15073,641961
14594,138246
8622,666155
3740,219966
3065,221750
11752,368821
9928,883177
329,244199
15064,529056
9887,960176
3263,58113
3493,321119
5424,498524
2560,92392
7914,998363
9969,306708
6223,463598
3043,48370
3147,18815
9366,954683
9907,400220
10532,207190
14417,678108
12526,57255
11504,609470
15999,840054
11879,328192
7373,112688
5654,546807
3495,379120
7307,299757
15417,964706
6505,566563
7213,955330
5107,425492
3481,710364
11968,708050
16723,586883
14963,278125
2314,616326
13224,892199
7759,621015
13954,872099
15957,944009
9322,945077
171,359054
6464,935983
12195,8854
3008,20877
11533,434854
8792,209337
13966,227548
3677,167601
10647,190617
10974,667877
11973,499899
12958,582845
9952,984185
15190,474866
560,798479
11684,855407
3366,99090
2163,718537
2229,984430
16643,715497
6554,674152
15889,725552
13411,491237
3818,32907
914,263852
15357,941959
264,424033
12055,200301
12506,693362
9986,439077
7200,66144
15970,651711
7485,325806
362,170622
2493,871868
7424,691026
7746,646449
62,31799
12124,213642
343,201701
2421,922334
16110,360401
13689,394169
10035,684669
15361,161359
10373,585596
16688,345566
9368,307471
3416,993692
10663,133493
5286,77277
12622,576947
889,560843
7471,281370
10154,448277
14789,940169
14818,363243
526,421506
11780,33533
7740,940486
9329,510998
7255,179540
16718,818347
14413,951703
8950,426477
7254,51111
5881,528994
16737,582581
9151,49002
9324,538792
578,432531
458,332506
2261,327542
4532,277337
10505,588295
12168,691941
5381,40057
8190,654579
7661,105359
2578,176763
4780,806359
1538,156831
14064,323645
9515,204416
1254,445327
2151,580101
3024,875784
9799,844081
10455,948334
13116,584153
2575,807846
7991,853021
11147,694459
12618,314053
11524,811452
12350,365674
9009,281542
1746,629151
2773,936544
12679,985460
5777,219926
9991,999594
5473,919679
2094,341455
12482,219727
9693,479301
6699,51862
4603,223633
4205,314096
2764,391743
1542,833536
11336,906860
13791,235045
14462,466549
7739,694767
14496,767130
5868,238766
2789,972973
4862,455818
319,960020
3172,52117
5674,624519
5048,824768
1245,543339
5906,170151
9108,110512
7788,941295
3315,362943
7165,768786
15612,911938
7693,190307
10795,697711
5659,445926
12551,737364
3459,377883
14301,91285
1645,116120
5529,807724
1297,401798
12463,641827
7141,891820
6334,846182
4221,122184
12383,572944
15622,333805
9199,50359
4897,543907
14203,714560
5349,589332
2531,281659
14935,913358
941,726053
11298,675165
15545,397073
7413,136692
6507,144000
5308,771472
7724,793654
14089,638067
5090,95624
15314,53114
15668,347239
14202,303889
16390,985088
1501,686575
16098,384117
4533,227181
11010,950651
8129,693479
3733,792163
7191,524593
5669,206601
10727,113804
2023,258039
6766,793841
1995,779747
6935,444089
4584,638043
9901,222105
16374,161536
9028,16190
7013,686685
3014,295202
7965,414043
653,939900
12103,896071
14000,345124
16101,867844
8147,53721
14304,920701
7371,406738
2779,926292
1781,683715
8516,256946
5298,174395
7948,431874
5177,166074
863,154530
8318,596819
15712,24545
8010,252231
7351,311843
7654,887616
1860,921319
16734,257037
2848,453128
4216,53032
12398,857466
8982,292806
13414,924984
3120,665879
6071,809304
7743,63731
1346,203946
11643,322000
4301,819787
16745,735059
8726,573972
13819,473310
744,299747
12094,338514
14004,640942
10891,896214
6736,978538
10613,403855
76,269542
1261,18518
6033,427318
16482,780959
3480,509862
4007,431448
6937,588657
6178,390415
14633,317414
9382,20177
11971,906439
14461,272205
2509,532288
10714,227032
14363,817618
4244,255889
227,808035
4498,505935
9453,601876
14134,429758
13920,406801
15077,280804
6680,757311
1899,107
516,268066
3213,70820
8944,399945
3726,816830
6380,459134
12849,671542
12751,8539
3139,955865
13621,246193
7115,6919
4830,246843
10785,863608
4248,521954
2161,314210
10707,395987
13314,153410
3658,590522
1738,305914
11744,271748
7407,344606
5169,758143
3821,349737
5805,117777
1573,887592
12131,523871
15806,219945
11672,813592
3892,923897
11727,75222
16319,282401
5055,270921
14296,85360
10905,466568
2590,649099
4475,42728
3313,988294
2464,43352
12184,971553
14886,149850
1385,602144
15561,117268
9884,906784
9895,431598
16307,833267
2978,206916
6553,8951
3951,97707
1555,608222
8502,101047
15095,630405
7372,960239
4385,252047
4362,880670
13831,667795
6489,397221
3098,362709
6268,35210
11688,259263
12426,521710
13894,832462
7239,10415
425,805159
3425,966092
781,931786
6206,287469
6543,738171
13646,497254
1686,135120
10664,722852
13420,491185
14300,548754
10604,631331
64,248356
2786,995714
5622,792388
10123,853440
4096,452694
3502,823566
1758,582342
3570,470899
7227,384085
13451,910919
13668,362283
9599,374020
5260,175185
10087,854840
6075,328254
15227,67327
7864,845682
15836,681260
16267,746709
15771,773842
7644,31867
6026,112482
14857,386025
12003,142181
3770,25081
14196,420853
7468,714779
12165,209967
14233,178973
9126,783525
7229,967009
3384,920241
6401,548245
10877,173869
6045,35931
10901,236323
8999,925381
16355,72418
5110,897710
1474,733750
15023,460121
82,760288
321,730794
8236,361782
123,910586
7210,993124
8979,489948
9702,100590
9258,212572
1402,288584
15587,914558
14438,188890
9133,556830
9672,487273
9313,871241
1353,675707
514,556675
364,561365
1895,685520
206,274877
15290,783556
13504,910685
14673,608200
15642,400205
10729,552040
5837,311472
395,480510
3679,763133
7673,697463
7785,774471
10264,321941
7962,3942
11683,803601
15650,634200
4247,10083
14721,358429
11717,137980
5593,859498
7855,774061
5196,627621
4245,196860
11424,693114
15203,409350
14149,15339
1352,157916
16135,834857
7054,284747
2044,257904
1503,307160
14094,486988
12235,113601
8189,739045
16588,122172
9957,131527
9457,793909
3199,85467
10789,859193
5262,285969
6854,431187
969,225546
16613,3885
12748,51175
13926,563065
7390,304082
14971,424994
13103,593852
3616,370346
5860,655612
4162,248323
12144,324182
8544,324884
3238,823166
3341,885773
12864,994578
9101,206221
11325,827775
3180,818395
1965,840662
1893,958092
12668,844
15030,334036
13404,591920
807,16340
8515,936438
4695,207631
4761,386931
12203,969589
5347,557204
13399,565886
13858,628863
12505,273033
2442,794511
15245,501639
9898,714941
11651,937296
6259,936991
10520,1234
13599,735167
9694,60675
12220,522671
1529,545405
14853,260294
16750,875176
3630,773638
15943,258516
13828,309905
15618,818536
6130,260034
14219,16446
4276,479757
12798,861567
14215,13270
6290,136768
16625,259443
4067,598747
3552,254078
3804,567979
8465,728890
4395,388440
5682,98304
14241,973141
7489,469784
12468,778437
15608,274890
16783,348141
11500,271689
9154,692303
12474,687235
6620,636721
2334,647324
11545,139655
2981,543405
932,568396
3466,277885
16367,909652
7737,118112
9122,482725
13015,781876
950,325128
14806,795709
7354,383963
13706,175440
13993,673278
10577,284960
4592,683140
10295,616661
16432,437139
6453,447373
621,789049
7114,313911
6310,150512
12769,668822
12078,393038
10073,324521
11732,729536
3146,513268
15028,577117
6718,54456
6256,833008
14217,459345
506,48506
5013,529154
5302,967035
15453,455838
14535,352
8160,177626
4075,183473
701,875775
5807,574432
8469,430566
419,299591
2524,73285
1633,441276
2729,942875
11838,935244
6052,476615
1248,661185
6677,420364
1347,395660
8673,642556
7848,92940
2024,621228
8410,380826
11855,775506
16426,94312
1129,179167
10596,626788
12640,886823
1415,47831
3250,472272
11081,391487
2767,278090
2638,3020
5377,801006
5436,464360
10215,889127
2662,893351
6476,666012
618,833622
11895,592815
2292,821742
30,180135
1988,209596
13093,969025
3786,769162
7481,969947
11379,787333
3352,574492
2828,770143
10888,958597
1119,887831
4848,254279
8265,968806
4774,73147
16659,829105
845,582344
8002,120800
4583,824751
7640,931931
2132,92495
15218,15351
3265,201439
10552,881678
11551,788621
6955,77936
1802,556501
3258,272485
3929,26050
16647,666352
15419,909141
375,532869
9666,386621
8920,76843
398,169139
9583,262517
12655,879830
9282,209463
5057,753047
3279,48153
7187,571864
2428,234642
13916,888223
6406,709261
4224,75430
9906,992766
11094,316546
15896,36798
1397,625499
16704,600734
1816,44724
16043,68208
10670,766663
15967,22250
8740,547223
4110,780055
6402,160180
7551,809444
510,207558
15664,564908
4148,189916
4023,71158
8560,760718
3715,378949
4902,282292
6461,29483
8651,965559
9172,546118
14080,462343
594,441720
8159,134307
12700,50142
3932,883886
5651,301563
12525,38777
9621,924944
2166,617312
11319,96457
16032,536495
12185,455362
13974,759150
9683,303042
13655,704934
5140,97096
16325,339667
7261,681137
3434,857232
4444,429745
1804,366865
3160,117159
14609,931900
6675,293357
13984,77219
9372,546531
10929,131102
16208,632480
10133,592514
841,726100
7885,953926
1331,67275
7615,661342
11503,579844
11509,748556
5581,122059
14579,366891
8994,783183
10333,867349
10948,677326
10014,540240
4010,359908
5393,344388
9318,576680
5635,443083
13478,707576
13573,826346
6218,450030
5916,501881
16486,606299
5615,142725
14483,471607
11307,406580
11333,157210
7762,435042
13139,30306
14538,479073
14761,113262
13442,506494
835,502564
15275,690071
13908,781436
15237,601738
15616,664708
12420,892408
5165,593456
5091,82613
14626,329029
16485,241342
12564,980541
11169,542821
14017,211220
4445,988057
7735,914901
10654,667309
10365,217652
105,881567
10878,974512
14639,842965
2756,98590
4364,497201
16551,676164
54,560243
10982,4770
9314,18396
7847,792591
8081,670575
1585,394781
10441,721648
16123,923572
694,435180
3823,487549
6967,503984
273,250644
15406,117755
16472,571856
4562,949808
10267,71815
547,4132
1166,282922
11390,858992
8021,837668
6179,495633
13134,446640
1407,553159
2691,724187
4572,604152
15049,613256
12669,175193
15271,990021
4535,54296
12720,921111
11689,632996
11452,42052
8905,667341
3650,776119
4728,131416
3316,607538
1241,375669
111,925393
16105,102400
3472,508720
13409,974279
10624,164589
2940,317119
11371,494356
15110,184749
13589,281807
197,640002
8415,863300
5403,724156
10350,65708
13240,253028
4485,628844
14006,262498
11324,617970
13713,470820
12346,177401
5312,789705
8968,22554
8954,613640
2974,483359
4600,715617
4306,963807
12081,861590
6909,442477
7064,317156
8180,352085
3969,38446
13475,170775
3882,919012
1024,48450
4200,83829
14852,695028
11570,825445
7902,671222
997,944501
10286,884100
5195,435219
9476,594103
988,958219
13581,753988
5240,660070
10907,119360
8878,659976
15228,667300
10523,679919
7927,121732
4867,996653
6325,807474
4625,322177
11253,456577
9922,16999
3725,333014
13826,736299
10612,641103
9196,982636
10859,363948
16397,814156
3509,830974
11334,575256
2858,99112
2924,316382
6924,583377
8305,555025
12598,385560
16240,984661
16357,585927
3645,982774
10667,816982
8754,134819
3423,744448
16143,311148
13473,37354
3540,161977
10448,385621
8295,261447
2610,782548
12916,797865
7946,686598
164,120998
12230,263373
5006,908043
6322,425252
4273,208027
14770,841602
651,648664
6816,181224
8048,416942
8910,274269
8984,108346
7782,705129
7950,400369
4215,324448
10077,681179
195,809554
11932,280723
8047,332458
1489,279064
11019,222276
8155,732546
11444,106499
6607,204651
15929,357489
15721,335787
6273,72251
3418,630579
9311,379571
11280,826766
6427,269959
12249,199861
14632,628016
13567,476226
2604,133552
13845,333828
12898,270342
3640,625462
11143,25301
6463,475197
5604,134019
6511,241264
6825,967240
6754,245185
2612,431799
281,70004
8186,849889
13786,52620
5040,970235
5856,276500
7853,470254
792,650275
8487,680514
15017,923461
1151,987487
6443,745934
7938,830888
2423,189830
6716,779512
7169,611670
9060,502267
7537,790599
160,470134
6954,879154
9501,190699
6811,702477
6174,314636
7134,201366
1110,949311
11845,141644
3536,318176
15856,766923
14071,767468
9316,595267
14916,539018
15912,655762
15115,835659
4871,491097
2106,690206
1685,810847
14180,797254
15431,545014
12365,719354
980,286831
3847,708217
8151,67728
190,67591
12116,770650
11295,226719
7989,847017
3156,554354
2990,907148
2262,234450
16435,904291
2427,572347
9438,944127
13252,745356
208,62438
11946,957656
4720,5408
13250,812049
10749,195010
12945,155834
3586,994545
13827,563636
13095,588711
11491,925769
12042,226244
9234,128790
3270,122573
8058,151264
15371,548226
856,533297
4929,830586
14199,936530
9835,409316
4816,492565
16422,288809
16617,930214
6113,505845
12320,331268
3346,19036
9485,129052
14335,743203
1990,475811
9667,587126
3637,132934
13094,6746
13691,770655
230,564849
6658,622392
4375,41576
16730,445191
11770,755471
10823,832309
8352,73129
15149,137970
11124,53103
7338,868826
15862,57087
14101,132957
1972,263591
12053,323750
12513,707650
4669,733809
3913,931263
12529,531410
3648,689263
4408,110898
9167,203624
3894,693187
8412,137210
8451,214472
4612,373355
15765,7696
5787,750166
13074,784639
10643,516547
4019,167868
14307,550449
12432,37334
14013,298612
14382,138807
15220,137334
11958,684151
11430,736134
9782,802229
7603,211306
7240,431517
5319,771914
3598,894387
15090,150201
8152,96274
11797,946059
15567,340095
3520,669880
13945,165420
2114,602186
3967,984394
6765,628697
11453,587164
13837,394369
1257,801166
8911,503466
2291,32414
3691,209103
15748,931658
13305,828996
16283,720538
16248,447366
11877,930920
2444,759667
641,323420
7344,951661
51,347585
6187,866919
11475,7069
13374,601833
8498,246824
10255,124646
12314,824091
11525,821403
14595,930237
11787,469121
8321,280577
14869,548411
10637,91697
2184,196676
16789,744852
10808,435619
615,284203
6096,266543
10966,488956
11291,464945
1338,125186
16217,507452
14540,687272
15581,875933
8689,987761
4538,290957
6877,694215
326,236727
2088,945009
9136,538769
7197,305940
12504,461358
9236,160012
9386,482394
6853,23218
1006,975856
6669,437874
7769,489678
10623,133340
8975,213604
998,617545
10281,950382
15565,35806
16072,695550
9851,929658
8841,68912
15206,803572
16677,286153
1957,621671
917,157054
16152,964010
4651,295778
9602,188750
1028,527683
2267,399094
16525,811651
4872,20799
6246,850762
5801,331862
3873,495391
971,31773
11640,861988
16531,262185
417,331357
9932,303960
5692,987358
11152,993684
2725,835580
4016,428558
3834,866207
1681,697240
9331,22664
14015,362896
14548,681728
7514,304087
11384,553744
16230,199124
13079,678044
7107,555348
15180,888551
8948,94889
1622,832903
14671,270005
15984,692592
8546,973499
7581,821288
13303,511225
16256,186246
14544,55812
11498,645131
6287,246448
8578,919995
4896,965095
15795,586164
8267,479758
6445,675740
1829,687441
1907,434014
7021,639068
7460,841029
16611,768747
9033,904865
3344,35593
13751,669254
9665,280431
14298,787831
10375,283198
14986,971175
6904,638960
6456,237153
8227,312939
3523,351998
13842,671281
13900,741667
6274,404434
6011,24195
990,905773
11589,588724
15016,171984
13281,837731
16301,960231
6175,507636
9820,514825
12024,983158
2535,517073
14486,944331
9973,148947
153,723192
16215,798367
102,784801
9888,951492
4285,511835
4330,223995
10156,258969
10601,377680
11519,540978
113,157631
11705,566376
8167,952473
4047,177189
2443,191349
9232,961631
12615,932422
11742,161760
947,610066
15412,676780
13365,151722
7432,261936
52,454991
3177,587028
16228,306464
9416,56061
4429,639777
6330,716564
6866,188147
13494,470725
7819,527302
5873,83291
4963,411431
11573,568681
10150,352010
14793,565398
12873,822256
15243,937988
4821,47856
11709,659933
9596,306677
8197,287207
9519,187202
5796,727732
2812,713247
10616,287534
3382,605641
11890,3585
13069,837840
10158,4207
8252,749053
8834,854016
14676,831290
13060,395500
10379,701587
16138,435158
3912,469819
5722,968938
11004,295268
